Workbook

Sheet Instruções
B2: Checklist de revisão manual: teste técnico QA Júnior Verzel
B4: Objetivo | C4: Registrar que os bugs e os valores esperados foram conferidos manualmente por você no navegador e no terminal, independentemente dos roteiros automatizados.
B5: Onde preencher | C5: Aba "Checklist", somente as colunas com fundo amarelo: G (Resultado observado), H (Status), I (Evidência), J (Data) e K (Observações). As demais colunas são o roteiro e não devem ser alteradas.
B6: Status (coluna H) | C6: Escolha na lista: OK (igual ao esperado/registrado) · Divergente (diferente; descreva em K) · Não executado (explique em K).
B7: Evidência (coluna I) | C7: Nome do print ou arquivo que você salvar, por exemplo: manual/R05-pedido-9-unidades.png. Sugestão: salvar em evidencias/manual/ no repositório.
B8: Ambiente | C8: Use aba anônima para cada item de interface (o carrinho fica guardado na aba). Para os comandos curl, use o Git Bash.
B9: Resumo | C9: A aba "Resumo" conta os itens por status automaticamente.
B10: Divergências | C10: Se algum item der "Divergente", não altere os documentos antes de reproduzir duas vezes. Depois, corrija bugs.md / execucao.md conforme o observado.
B12: Exemplo de linha preenchida
B13: Resultado observado | C13: Frete R$ 19,90, total R$ 219,90 e aviso "Faltam R$ 0,00 para o frete grátis."
B14: Status | C14: OK
B15: Evidência | C15: manual/R01-200-sem-cupom.png
B16: Data | C16: 08/10/2026
B17: Observações | C17: Reproduzido em Chrome, aba anônima.

Sheet Checklist
A1: ID | B1: Categoria | C1: Referência | D1: O que validar | E1: Como validar (passos) | F1: Esperado / registrado nos documentos | G1: Resultado observado | H1: Status | I1: Evidência | J1: Data
A2: R01 | B2: Bug | C2: BUG-01 / CA06 | D2: Subtotal de exatamente R$ 200,00 sem cupom | E2: 1. Abrir https://verzel-store.qa-test-verzel-store.workers.dev em aba anônima. 2. Adicionar 2× "Mochila Urbana 20L". 3. Abrir o carrinho. | F2: Documentação: frete "Grátis" e total R$ 200,00. Registrado no bug: frete R$ 19,90, total R$ 219,90 e "Faltam R$ 0,00 para o frete grátis." | G2: O frete grátis não se aplica para valores de compra igual a R$200,00, apenas se aplica para compras com subtotal maior que este valor | H2: OK | I2: evidencias\manual\R01.jpg | J2: 46302
A3: R02 | B3: Bug | C3: BUG-01 / CA08 | D3: Subtotal de R$ 200,00 com BEMVINDO10, até a confirmação | E3: Continuar do R01: aplicar o cupom BEMVINDO10, clicar em "Finalizar compra" e confirmar com Maria Silva / maria@exemplo.com / 01310-100. | F3: Documentação: desconto R$ 20,00, frete "Grátis", total R$ 180,00. Registrado no bug: total R$ 199,90 no carrinho e no pedido confirmado. | G3: O resultado esperado não se confirma, o bug do frete continua presente e a aplicação do cupom de desconto gera o total de R$199,90 como registrado nos documentos | H3: OK | I3: evidencias\manual\R02-carrinho.jpg e evidencias\manual\R02-pedido.jpg | J3: 46302
A4: R03 | B4: Bug | C4: BUG-01 / CA07 | D4: Limite inferior: R$ 199,80 (controle) | E4: Nova aba anônima: adicionar 1× "Camiseta Essencial" e 1× "Calça Jeans Slim"; abrir o carrinho. | F4: Frete R$ 19,90, "Faltam R$ 0,20 para o frete grátis.", total R$ 219,70 (comportamento correto). | G4: O comportamento de valor inferior a regra de frete grátis é correto | H4: OK | I4: evidencias\manual\R03.jpg | J4: 46302
A5: R04 | B5: Bug | C5: BUG-02 / CA10 | D5: API aceita 6 unidades | E5: No terminal (Git Bash), rodar: curl -X POST https://verzel-store.qa-test-verzel-store.workers.dev/api/pedidos -H "Content-Type: application/json" -d '{"cliente":{"nome":"Maria Silva","email":"maria@exemplo.com","cep":"01310-100"},"itens":[{"produtoId":"P001","quantidade":6}]}' | F5: Documentação: 422 QUANTIDADE_MAXIMA_EXCEDIDA. Registrado no bug: pedido criado (número VZ-…) com quantidade 6 e subtotal 359.4. | G5: É possível exceder a quantidade limite de um mesmo item utilizando a API de pedidos | H5: OK | I5: evidencias\manual\R04.jpg | J5: 46302
A6: R05 | B6: Bug | C6: BUG-02 / CA10 | D6: Interface finaliza carrinho com 9 unidades | E6: 1. Aba anônima: adicionar 1× "Camiseta Essencial". 2. F12 → Application → Session Storage → o endereço da loja → editar "verzel-store:itens" para [{"produtoId":"P001","quantidade":9}]. 3. Recarregar /carrinho. 4. Finalizar compra e confirmar com dados válidos. | F6: Registrado no bug: carrinho mostra "Limite de 5 unidades por produto." mas exibe 9 unidades e R$ 539,10; o pedido é confirmado com 9× Camiseta Essencial. | G6: É possível exceder o número limite de unidades por produto alterando o session storage da página | H6: OK | I6: evidencias\manual\R05-carrinho.jpg; evidencias\manual\R05-application.jpg evidencias\manual\R05-pedido.jpg | J6: 46302
A7: R06 | B7: Bug | C7: BUG-02 | D7: Não há teto de quantidade | E7: Repetir o curl do R04 trocando "quantidade":6 por "quantidade":1000000. | F7: Registrado no bug: pedido criado com total 59900000 (R$ 59.900.000,00). | G7: Não há teto de quantidade de itens na API de pedidos | H7: OK | I7: evidencias\manual\R06.jpg | J7: 46302
A8: R07 | B8: Melhoria | C8: BUG-03 | D8: GET /api devolve HTML | E8: No terminal: curl -i https://verzel-store.qa-test-verzel-store.workers.dev/api Depois: curl -i https://verzel-store.qa-test-verzel-store.workers.dev/api/rota-inexistente | F8: Registrado: /api → 200 com Content-Type text/html; /api/rota-inexistente → 404 JSON ROTA_NAO_ENCONTRADA. | G8: o servidor só manda para a API os caminhos que começam com /api/, com a barra. /api sem a barra não entra nessa regra e cai na regra da loja, que devolve o HTML para qualquer endereço que ela não conhece. | H8: OK | I8: evidencias\manual\R07-html.jpg e evidencias\manual\R07-not-found.jpg | J8: 46302
A9: R08 | B9: Aguarda PO | C9: BUG-04 | D9: Item sem quantidade | E9: curl -X POST https://verzel-store.qa-test-verzel-store.workers.dev/api/carrinho/calcular -H "Content-Type: application/json" -d '{"itens":[{"produtoId":"P001"}]}' | F9: Registrado: 422 QUANTIDADE_INVALIDA com campo itens[0].quantidade (a tabela de erros sugere ITEM_INVALIDO). | G9: A API recusa corretamente quando a quantidade inserida de um item é inválida | H9: OK | I9: evidencias\manual\R08.jpg | J9: 46302
A10: R09 | B10: Bug | C10: BUG-05 | D10: Falha no cálculo após alterar o carrinho | E10: 1. Aba anônima: adicionar 1× "Camiseta Essencial" e abrir /carrinho (total R$ 79,80). 2. F12 → Network → recarregar → clique direito na requisição "calcular" → "Block request URL". 3. Clicar em + (quantidade 2). 4. Clicar em "Finalizar compra" e anotar o resumo. 5. Network → desbloquear a URL (aba "Network request blocking"). 6. Confirmar com dados válidos. | F10: Registrado no bug: carrinho com quantidade 2, linha do item R$ 59,90, total R$ 79,80 e alerta de erro; checkout mostra "1x" e R$ 79,80; pedido confirmado com 2× e R$ 139,70. | G10: Há incosistência na operação de calcular o valor total do carrinho caso a internet do cliente ou a chamada de API falhe | H10: OK | I10: evidencias\manual\R09-pedido.jpg; evidencias\manual\R09-resumo-pedido.jpg e evidencias\manual\R09-pedido-confirmado.jpg | J10: 46302
A11: R10 | B11: Melhoria | C11: BUG-06 | D11: Cupom recusado: carrinho anuncia como aplicado e o checkout não permite remover | E11: 1. Aba anônima nova: adicionar 1× "Camiseta Essencial". 2. F12 → Application → Session Storage → endereço da loja → criar a chave "verzel-store:cupom" com o valor "VERAO2026" (COM as aspas duplas). 3. Pressionar F5 (a loja só lê o armazenamento ao carregar a página). 4. Abrir o carrinho e tirar um print. 5. Finalizar compra, preencher dados válidos e clicar em "Confirmar pedido" duas vezes. | F11: Carrinho: "Cupom VERAO2026 aplicado." com desconto R$ 0,00, embora a API responda aplicado: false / "Cupom expirado.". Checkout: "Cupom expirado." nas duas tentativas, sem mostrar o cupom nem oferecer como removê-lo. Se o pedido for concluído sem cupom, a chave não foi lida: confira as aspas e o F5. | G11: Inconsistência no cupom adicionado ao carrinho | H11: OK | I11: evidencias\manual\R10-cupom.jpg e evidencias\manual\R10-finalizar-pedido.jpg | J11: 46302
A12: R11 | B12: Critério | C12: CA01 | D12: Desconto de 10% do BEMVINDO10 | E12: Carrinho com 1× "Camiseta Essencial"; aplicar BEMVINDO10. Conferir com calculadora: 10% de 59,90. | F12: Desconto R$ 5,99, frete R$ 19,90, total R$ 73,81. | G12: Cupom corretamente aplicado | H12: OK | I12: evidencias\manual\R11.jpg | J12: 46302
A13: R12 | B13: Critério | C13: CA02 | D13: Cupom sem diferenciar maiúsculas e com espaços nas pontas | E13: No R11, remover o cupom e aplicar " bemvindo10 " (com espaços). | F13: Cupom aplicado, desconto R$ 5,99. | G13: Cupom devidamente aplicado | H13: ok | I13: evidencias\manual\R12.jpg | J13: 46302
... A26: R25 | B26: Repositório | C26: execucao.md | D26: Totais do resumo | E26: Contar as linhas por resultado em cada seção de docs/execucao.md e comparar com a tabela de resumo. | F26: 79 cenários: 59 ✅ · 13 ❌ · 6 ⚠️ · 1 N/A. | G26: O total contabilizado no resumo reflete exatamente os dados encontrados nas execuções | H26: ok | I26: N/A | J26: 46302

Sheet Resumo
B2: Resumo do checklist
B4: Categoria | C4: Itens | D4: OK | E4: Divergente | F4: Não executado | G4: Pendente
B5: Bug | C5: =COUNTIF(Checklist!$B$2:$B$26,B5) -> 7 | D5: =COUNTIFS(Checklist!$B$2:$B$26,B5,Checklist!$H$2:$H$26,"OK") -> 7 | E5: =COUNTIFS(Checklist!$B$2:$B$26,B5,Checklist!$H$2:$H$26,"Divergente") -> 0 | F5: =COUNTIFS(Checklist!$B$2:$B$26,B5,Checklist!$H$2:$H$26,"Não executado") -> 0 | G5: =C5-D5-E5-F5 -> 0
B6: Melhoria | C6: =COUNTIF(Checklist!$B$2:$B$26,B6) -> 2 | D6: =COUNTIFS(Checklist!$B$2:$B$26,B6,Checklist!$H$2:$H$26,"OK") -> 2 | E6: =COUNTIFS(Checklist!$B$2:$B$26,B6,Checklist!$H$2:$H$26,"Divergente") -> 0 | F6: =COUNTIFS(Checklist!$B$2:$B$26,B6,Checklist!$H$2:$H$26,"Não executado") -> 0 | G6: =C6-D6-E6-F6 -> 0
B7: Aguarda PO | C7: =COUNTIF(Checklist!$B$2:$B$26,B7) -> 1 | D7: =COUNTIFS(Checklist!$B$2:$B$26,B7,Checklist!$H$2:$H$26,"OK") -> 1 | E7: =COUNTIFS(Checklist!$B$2:$B$26,B7,Checklist!$H$2:$H$26,"Divergente") -> 0 | F7: =COUNTIFS(Checklist!$B$2:$B$26,B7,Checklist!$H$2:$H$26,"Não executado") -> 0 | G7: =C7-D7-E7-F7 -> 0
B8: Critério | C8: =COUNTIF(Checklist!$B$2:$B$26,B8) -> 9 | D8: =COUNTIFS(Checklist!$B$2:$B$26,B8,Checklist!$H$2:$H$26,"OK") -> 9 | E8: =COUNTIFS(Checklist!$B$2:$B$26,B8,Checklist!$H$2:$H$26,"Divergente") -> 0 | F8: =COUNTIFS(Checklist!$B$2:$B$26,B8,Checklist!$H$2:$H$26,"Não executado") -> 0 | G8: =C8-D8-E8-F8 -> 0
B9: Checkout | C9: =COUNTIF(Checklist!$B$2:$B$26,B9) -> 2 | D9: =COUNTIFS(Checklist!$B$2:$B$26,B9,Checklist!$H$2:$H$26,"OK") -> 2 | E9: =COUNTIFS(Checklist!$B$2:$B$26,B9,Checklist!$H$2:$H$26,"Divergente") -> 0 | F9: =COUNTIFS(Checklist!$B$2:$B$26,B9,Checklist!$H$2:$H$26,"Não executado") -> 0 | G9: =C9-D9-E9-F9 -> 0
B10: Repositório | C10: =COUNTIF(Checklist!$B$2:$B$26,B10) -> 4 | D10: =COUNTIFS(Checklist!$B$2:$B$26,B10,Checklist!$H$2:$H$26,"OK") -> 4 | E10: =COUNTIFS(Checklist!$B$2:$B$26,B10,Checklist!$H$2:$H$26,"Divergente") -> 0 | F10: =COUNTIFS(Checklist!$B$2:$B$26,B10,Checklist!$H$2:$H$26,"Não executado") -> 0 | G10: =C10-D10-E10-F10 -> 0
B11: Total | C11: =SUM(C5:C10) -> 25 | D11: =SUM(D5:D10) -> 25 | E11: =SUM(E5:E10) -> 0 | F11: =SUM(F5:F10) -> 0 | G11: =SUM(G5:G10) -> 0
B13: Pendente = itens sem status escolhido na aba Checklist.
